source_year_end,holding_year,fifth_market_cap,sixth_market_cap,fifth_to_sixth_ratio,rank_1_ticker,rank_1_market_cap,rank_1_weight,rank_2_ticker,rank_2_market_cap,rank_2_weight,rank_3_ticker,rank_3_market_cap,rank_3_weight,rank_4_ticker,rank_4_market_cap,rank_4_weight,rank_5_ticker,rank_5_market_cap,rank_5_weight
2017,2018,512750000000,489240000000,1.048054,AAPL,860880000000,0.258794,GOOGL,729450000000,0.219284,MSFT,659900000000,0.198376,AMZN,563530000000,0.169406,META,512750000000,0.154141
2018,2019,502370000000,374130000000,1.342769,MSFT,780360000000,0.223611,AAPL,746070000000,0.213785,AMZN,737460000000,0.211318,GOOGL,723550000000,0.207332,BRK-B,502370000000,0.143953
2019,2020,585370000000,551960000000,1.060530,AAPL,1287000000000,0.261920,MSFT,1200000000000,0.244214,GOOGL,921130000000,0.187461,AMZN,920220000000,0.187276,META,585370000000,0.119130
2020,2021,778230000000,668900000000,1.163447,AAPL,2255000000000,0.299340,MSFT,1681000000000,0.223145,AMZN,1634000000000,0.216906,GOOGL,1185000000000,0.157303,META,778230000000,0.103306
2021,2022,1061000000000,921930000000,1.150847,AAPL,2901000000000,0.287455,MSFT,2522000000000,0.249901,GOOGL,1917000000000,0.189952,AMZN,1691000000000,0.167558,TSLA,1061000000000,0.105133
2022,2023,681770000000,461840000000,1.476204,AAPL,2066000000000,0.316061,MSFT,1787000000000,0.273379,GOOGL,1145000000000,0.175165,AMZN,856940000000,0.131097,BRK-B,681770000000,0.104299
2023,2024,1223000000000,909620000000,1.344517,AAPL,2994000000000,0.289639,MSFT,2794000000000,0.270291,GOOGL,1756000000000,0.169875,AMZN,1570000000000,0.151882,NVDA,1223000000000,0.118313
2024,2025,2352000000000,1514000000000,1.553501,AAPL,3766000000000,0.251553,NVDA,3288000000000,0.219625,MSFT,3200000000000,0.213747,GOOGL,2365000000000,0.157972,AMZN,2352000000000,0.157104
2025,2026,2485000000000,1671000000000,1.487133,NVDA,4638000000000,0.250067,AAPL,3997000000000,0.215507,GOOGL,3802000000000,0.204993,MSFT,3625000000000,0.195449,AMZN,2485000000000,0.133984
